"Year","Age0","Age1","Age2","Age3","Age4","Age5","Age6","Age7","Age8","Age9","Age10","Age11","Age12","Age13","Age14","Age15","Age16","Age17","Age18","Age19","Age20","Age21","Age22","Age23","Age24","Age25","Age26","Age27","Age28","Age29","Age30","Age31","Age32","Age33","Age34","Age35","Age36","Age37","Age38","Age39","Age40"
1916,24730.8,21193.8,18160.2,15560.2,13332,11422.5,9786.26,8384.22,7182.92,6153.62,5271.72,4516.12,3868.76,3314.13,2838.98,2431.91,2083.19,1785.38,1529.23,1309.83,1121.91,960.945,823.077,704.989,603.843,517.209,443.005,379.446,325.007,278.377,238.438,204.229,174.928,149.831,128.335,109.922,94.1516,80.6436,69.0735,59.1635,353.208
1917,24717.3,21182.7,18153.1,15554.7,13327.6,11418.3,9781.58,8379.21,7178.11,6149.34,5268.05,4513.03,3866.17,3311.96,2837.16,2430.39,2081.91,1783.37,1528.42,1309.14,1121.32,960.439,822.644,704.618,603.526,516.937,442.772,379.247,324.836,278.231,238.313,204.122,174.836,149.752,128.267,109.864,94.1021,80.6011,69.0372,59.1323,353.022
1918,24701.8,21171.1,18143.6,15548.6,13322.8,11414.1,9776.83,8373.54,7172.03,6143.54,5262.89,4508.59,3862.39,3308.78,2834.47,2428.12,2080,1781.76,1526.26,1308.07,1120.4,959.653,821.97,704.041,603.032,516.514,442.409,378.936,324.57,278.003,238.118,203.955,174.693,149.63,128.162,109.775,94.025,80.5351,68.9807,59.0839,352.733
1919,24684.5,21157.8,18133.6,15540.5,13317.6,11409.8,9772.69,8368.77,7166.42,6137.62,5257.29,4503.62,3858.12,3305.14,2831.4,2425.52,2077.8,1779.9,1524.69,1306.06,1119.34,958.749,821.196,703.378,602.464,516.027,441.992,378.579,324.264,277.741,237.893,203.763,174.528,149.489,128.041,109.671,93.9365,80.4593,68.9157,59.0283,352.401
1920,24666.3,21143,18122.3,15532,13310.7,11405.8,9770.18,8366.89,7164.12,6134.5,5253.72,4500.12,3854.98,3302.44,2829.11,2423.6,2076.18,1778.54,1523.54,1305.09,1117.95,958.125,820.662,702.92,602.071,515.691,441.705,378.333,324.053,277.561,237.739,203.63,174.415,149.391,127.958,109.6,93.8753,80.4069,68.8708,58.9898,352.172
1921,24646.3,21127.4,18109.6,15522.2,13303.4,11399.8,9766.69,8364.65,7162.41,6132.44,5250.97,4497,3851.93,3299.71,2826.75,2421.6,2074.5,1777.12,1522.35,1304.09,1117.1,956.914,820.115,702.452,601.67,515.348,441.41,378.08,323.837,277.375,237.58,203.494,174.299,149.292,127.873,109.527,93.8127,80.3533,68.8249,58.9505,351.937
1922,24624.4,21110.2,18096.2,15511.4,13295.1,11393.8,9762.06,8362.31,7161.19,6131.63,5249.78,4495.14,3849.69,3297.47,2824.73,2419.86,2073.02,1775.88,1521.31,1303.22,1116.37,956.3,819.171,702.063,601.337,515.063,441.166,377.871,323.658,277.222,237.449,203.382,174.202,149.209,127.802,109.466,93.7608,80.3088,68.7868,58.9179,351.742
1923,24600.3,21091.5,18081.5,15500,13285.8,11386.8,9757.17,8358.76,7159.62,6131,5249.46,4494.45,3848.38,3295.79,2823.02,2418.3,2071.68,1774.75,1520.37,1302.42,1115.71,955.744,818.705,701.307,601.049,514.815,440.954,377.69,323.502,277.089,237.335,203.284,174.118,149.137,127.741,109.413,93.7158,80.2703,68.7538,58.8896,351.573
1924,24573.6,21070.9,18065.5,15487.3,13276,11378.8,9750.99,8354.3,7156.29,6129.39,5248.68,4493.97,3847.61,3294.51,2821.45,2416.72,2070.25,1773.52,1519.32,1301.55,1114.97,955.131,818.19,700.874,600.372,514.544,440.721,377.49,323.331,276.943,237.209,203.177,174.027,149.059,127.673,109.356,93.6663,80.2279,68.7175,58.8585,351.388
1925,24544.3,21048,18047.8,15473.6,13265.3,11370.7,9744.88,8350.07,7153.63,6127.62,5248.26,4494.14,3847.92,3294.47,2820.89,2415.83,2069.29,1772.63,1518.56,1300.9,1114.44,954.684,817.82,700.566,600.116,514.062,440.572,377.363,323.222,276.849,237.129,203.108,173.968,149.008,127.63,109.319,93.6346,80.2007,68.6942,58.8386,351.268
1926,24511.6,21022.9,18028.2,15458.5,13253.5,11361.3,9737.61,8344.37,7149.5,6124.87,5246.34,4493.42,3847.75,3294.47,2820.63,2415.16,2068.36,1771.67,1517.67,1300.14,1113.79,954.147,817.372,700.192,599.803,513.801,440.124,377.204,323.086,276.733,237.029,203.023,173.895,148.946,127.576,109.273,93.5953,80.1671,68.6654,58.8139,351.121
1927,24474.7,20994.9,18006.7,15441.7,13240.5,11350.9,9728.76,8336.93,7143.3,6120.09,5242.86,4490.8,3846.3,3293.61,2820.01,2414.41,2067.33,1770.48,1516.51,1299.1,1112.9,953.387,816.731,699.654,599.351,513.42,439.804,376.738,322.88,276.556,236.878,202.893,173.783,148.85,127.495,109.203,93.5354,80.1158,68.6215,58.7763,350.896
1928,24434.1,20963.3,17982.7,15423.3,13226.1,11340,9720.3,8330.02,7137.62,6115.41,5239.32,4488.3,3844.46,3292.71,2819.57,2414.13,2066.91,1769.79,1515.66,1298.24,1112.12,952.72,816.168,699.181,598.954,513.088,439.525,376.503,322.515,276.408,236.752,202.784,173.691,148.771,127.427,109.145,93.4855,80.073,68.5849,58.7449,350.709
1929,24388.8,20928.5,17955.7,15402.7,13210.3,11327.6,9710.72,8322.41,7131.28,6110.13,5234.94,4484.94,3842.04,3290.89,2818.59,2413.57,2066.51,1769.29,1514.95,1297.42,1111.31,951.985,815.535,698.646,598.504,512.709,439.207,376.236,322.29,276.075,236.607,202.661,173.585,148.681,127.349,109.078,93.4286,80.0243,68.5431,58.7091,350.496
1930,24338.7,20889.7,17925.9,15379.5,13192.7,11314.2,9700.28,8314.39,7124.91,6104.82,5230.51,4481.25,3839.21,3288.87,2817.07,2412.77,2066.07,1768.98,1514.55,1296.83,1110.61,951.3,814.918,698.114,598.054,512.331,438.889,375.97,322.066,275.886,236.326,202.541,173.482,148.592,127.273,109.013,93.3731,79.9767,68.5024,58.6743,350.288
1931,24282.7,20846.8,17892.7,15354,13172.8,11298.8,9688.04,8304.41,7116.96,6098.36,5225.07,4476.7,3835.4,3285.89,2814.86,2411.06,2065.03,1768.29,1514.02,1296.26,1109.92,950.544,814.192,697.466,597.497,511.858,438.49,375.633,321.782,275.647,236.124,202.265,173.349,148.478,127.176,108.93,93.3016,79.9155,68.4499,58.6293,350.019
1932,24221,20798.9,17855.9,15325.6,13151,11281.9,9675.18,8294.41,7108.94,6092.04,5219.97,4472.42,3831.82,3282.9,2812.54,2409.36,2063.73,1767.55,1513.56,1295.92,1109.52,950.029,813.612,696.902,596.992,511.424,438.122,375.323,321.521,275.428,235.939,202.109,173.127,148.377,127.089,108.856,93.2379,79.8609,68.4032,58.5893,349.78
1933,24152.6,20746,17814.8,15294.1,13126.6,11263.2,9660.74,8283.41,7100.37,6085.16,5214.55,4468.04,3828.15,3279.83,2809.98,2407.37,2062.27,1766.44,1512.92,1295.52,1109.23,949.689,813.17,696.405,596.508,510.99,437.749,375.007,321.255,275.203,235.75,201.95,172.993,148.187,127.002,108.781,93.174,79.8062,68.3563,58.5491,349.541
1934,24077.2,20687.4,17769.5,15258.9,13099.7,11242.6,9645.3,8271.74,7091.62,6078.4,5209.15,4463.81,3824.75,3276.98,2807.6,2405.4,2060.76,1765.35,1512.1,1295.09,1108.99,949.522,812.951,696.089,596.136,510.622,437.418,374.721,321.013,275,235.579,201.806,172.873,148.085,126.851,108.716,93.1185,79.7587,68.3156,58.5143,349.332
1935,23993.4,20622.8,17719.4,15220.1,13069.6,11219.4,9627.48,8258.28,7081.39,6070.7,5203.18,4459.03,3821,3273.96,2805.07,2403.28,2059,1763.99,1511.12,1294.35,1108.58,949.284,812.782,695.879,595.845,510.287,437.088,374.425,320.758,274.784,235.398,201.654,172.744,147.977,126.76,108.583,93.0601,79.7086,68.2727,58.4775,349.113
1936,23900.2,20551,17664,15177.1,13036.3,11193.5,9607.43,8242.73,7069.56,6061.66,5196.34,4453.71,3816.73,3270.59,2802.35,2401,2057.09,1762.4,1509.89,1293.44,1107.89,948.89,812.539,695.7,595.637,510.013,436.779,374.125,320.489,274.552,235.201,201.488,172.605,147.86,126.661,108.5,92.9415,79.6546,68.2265,58.4379,348.877
1937,23796.1,20471.2,17602.5,15129.7,12999.5,11164.8,9584.83,8225.01,7055.69,6051.03,5188.17,4447.48,3811.85,3266.66,2799.23,2398.47,2054.96,1760.61,1508.4,1292.28,1107.03,948.221,812.133,695.433,595.433,509.792,436.508,373.829,320.205,274.299,234.983,201.303,172.449,147.729,126.55,108.406,92.8625,79.5465,68.1746,58.3935,348.611
1938,23679.6,20382.1,17534.2,15077.1,12958.9,11133.5,9560.62,8206.06,7040.88,6039.45,5179.31,4440.69,3806.69,3262.63,2795.98,2395.9,2052.88,1758.87,1506.93,1291.06,1106.08,947.52,811.596,695.116,595.231,509.639,436.338,373.613,319.965,274.067,234.776,201.125,172.298,147.602,126.443,108.316,92.7864,79.4823,68.0849,58.3515,348.361
1939,23548.9,20282.3,17457.8,15018.5,12913.8,11098.9,9534.27,8186.06,7025.45,6027.53,5170.07,4433.69,3801.38,3258.64,2792.91,2393.44,2050.96,1757.33,1505.64,1289.98,1105.18,946.834,811.104,694.749,595.039,509.534,436.266,373.517,319.824,273.899,234.61,200.975,172.169,147.492,126.351,108.239,92.7216,79.4278,68.039,58.2826,348.157
1940,23403.2,20170.3,17372.3,14953.1,12863.7,11060.5,9505,8163.88,7008.68,6014.61,5160.11,4425.99,3795.56,3254.24,2789.62,2390.92,2048.95,1755.76,1504.39,1288.93,1104.31,946.109,810.553,694.359,594.751,509.393,436.195,373.472,319.756,273.79,234.476,200.841,172.048,147.388,126.263,108.165,92.6597,79.3759,67.9955,58.246,347.939
1941,23240.6,20045.5,17276.4,14879.9,12807.7,11017.4,9471.34,8137.49,6988.06,5998.6,5147.52,4416.1,3787.79,3248.25,2784.98,2387.35,2046.14,1753.48,1502.57,1287.45,1103.06,945.063,809.676,693.668,594.23,508.986,435.936,373.294,319.616,273.646,234.309,200.664,171.879,147.238,126.134,108.055,92.5671,79.2978,67.9295,58.1903,347.612
1942,23060.2,19906.2,17169.6,14797.8,12745,10969.4,9434.39,8108.54,6965.21,5980.63,5133.51,4405.04,3779.07,3241.37,2779.65,2383.21,2042.95,1750.96,1500.52,1285.81,1101.72,943.93,808.724,692.869,593.596,508.504,435.557,373.046,319.441,273.507,234.168,200.506,171.715,147.083,125.997,107.937,92.4669,79.213,67.8579,58.1297,347.259
1943,22865.2,19751.7,17050.3,14706.2,12674.7,10915.8,9393.4,8076.68,6939.94,5960.48,5117.52,4392.49,3769.11,3233.48,2773.39,2378.33,2039.13,1747.99,1498.15,1283.87,1100.16,942.652,807.644,691.959,592.832,507.892,435.085,372.671,319.185,273.32,234.018,200.359,171.557,146.923,125.847,107.805,92.3532,79.1164,67.7761,58.0605,346.858
1944,22656.3,19584.7,16917.9,14604,12596.2,10854.4,9342.68,8032.15,6900.49,5926.17,5088.39,4368.21,3749.1,3216.93,2759.73,2367.03,2029.85,1740.34,1491.86,1278.63,1095.75,938.953,804.523,689.298,590.565,505.963,433.469,371.331,318.062,272.414,233.269,199.726,171,146.418,125.394,107.406,92.0082,78.8205,67.5232,57.8447,345.585
1945,22433.3,19405.8,16774.9,14490.7,12508.5,10785.5,9283.37,7975.76,6845.69,5875.08,5042.82,4328.8,3715.67,3188.86,2736.13,2347.22,2013.21,1726.41,1480.18,1268.84,1087.48,931.939,798.584,684.251,586.251,502.278,430.323,368.667,315.818,270.513,231.689,198.396,169.868,145.436,124.529,106.648,91.3494,78.2532,67.037,57.4287,343.118
1946,22197.7,19214.7,16621.6,14368.1,12411.2,10708,9214.82,7906.63,6773.88,5803.8,4976.32,4269.49,3664.21,3144.89,2698.86,2315.63,1986.46,1703.76,1461.04,1252.65,1073.79,920.316,788.681,675.825,579.066,496.131,425.066,364.172,311.994,267.27,228.929,196.073,167.898,143.755,123.079,105.386,90.2534,77.3068,66.2238,56.7318,338.973
1947,21975.5,19013,16458,14236.8,12306.3,10626.2,9154.69,7860.26,6730.77,5759.17,4931.15,4226.76,3625.86,3111.6,2670.5,2291.7,1966.27,1686.75,1446.7,1240.6,1063.64,911.773,781.452,669.679,573.851,491.692,421.271,360.929,309.223,264.918,226.941,194.386,166.488,142.564,122.064,104.507,89.4843,76.6351,65.642,56.2314,335.997
1948,21766.1,18822.6,16285.1,14096.7,12194,10537.8,9091.41,7822.58,6709.15,5741.18,4910.72,4203.99,3603.19,3090.83,2652.4,2276.37,1953.47,1676.06,1437.79,1233.17,1057.49,906.651,777.195,666.11,570.834,489.15,419.118,359.091,307.655,263.581,225.816,193.445,165.694,141.914,121.521,104.047,89.082,76.2764,65.3237,55.9532,334.335
1949,21571.2,18643.3,16122.1,13948.7,12074.1,10442.6,9018.77,7773.52,6683.05,5728.83,4900.97,4191.51,3588.07,3075.2,2637.88,2263.68,1942.75,1667.17,1430.41,1227.06,1052.43,902.496,773.768,663.286,568.482,487.17,417.458,357.69,306.46,262.564,224.949,192.719,165.092,141.409,121.114,103.711,88.7975,76.0257,65.0969,55.7495,333.085
1950,21404,18476.4,15968.5,13809,11947.3,10340.2,8938.59,7714.13,6644.7,5710.28,4893.94,4186.32,3580.14,3064.65,2626.57,2253.03,1933.41,1659.31,1423.93,1221.72,1048.03,898.88,770.82,660.874,566.511,485.539,416.091,356.55,305.502,261.747,224.255,192.129,164.601,141.005,120.777,103.443,88.579,75.8417,64.9333,55.5991,332.103
1951,21282.6,18333.1,15825.6,13677.5,11827.6,10231.3,8849.97,7643.93,6592.02,5675.6,4876.33,4178.75,3574.36,3056.72,2616.56,2242.51,1923.58,1650.7,1416.67,1215.71,1043.07,894.783,767.439,658.105,564.236,483.671,414.539,355.246,304.412,260.829,223.472,191.462,164.034,140.531,120.386,103.116,88.317,75.6262,64.7515,55.4382,331.009
1952,21229.2,18229.2,15702.8,13555,11715,10128.5,8755.16,7564.74,6527.46,5625.74,4842.12,4159.6,3564.3,3048.67,2607.11,2231.68,1912.64,1640.62,1407.88,1208.27,1036.87,889.626,763.154,654.543,561.293,481.232,412.52,353.557,302.987,259.631,222.459,190.598,163.297,139.903,119.858,102.676,87.947,75.3249,64.501,55.226,329.598
1953,21276.9,18183.4,15613.8,13449.9,11610.1,10032.1,8667.47,7484.04,6460.2,5570.99,4799.9,4130.69,3548.2,3040.29,2600.43,2223.77,1903.52,1631.4,1399.37,1200.85,1030.6,884.401,758.805,650.931,558.292,478.754,410.466,351.858,301.566,258.432,221.451,189.746,162.57,139.284,119.33,102.233,87.5775,75.0142,64.2482,55.016,328.234
1954,21458,18224.3,15574.6,13373.7,11520.1,9942.77,8586.26,7411.22,6393.83,5516.15,4755.54,4096.76,3525.36,3028.14,2594.64,2219.23,1897.77,1624.47,1392.23,1194.22,1024.8,879.509,754.746,647.562,555.503,476.444,408.567,350.291,300.274,257.355,220.545,188.986,161.928,138.737,118.864,101.836,87.2451,74.7383,64.0168,54.8292,327.064
1955,21802.2,18379.4,15609.6,13340.1,11454.8,9865.72,8509.93,7342.18,6332.21,5460.13,4709.36,4059.48,3496.91,3009.09,2584.64,2214.61,1894.18,1619.8,1386.53,1188.31,1019.3,874.695,750.682,644.193,552.709,474.135,406.656,348.721,298.981,256.291,219.659,188.24,161.304,138.21,118.415,101.453,86.9193,74.4656,63.7908,54.6398,325.955
1956,22318.5,18674.2,15742.4,13370.1,11426.1,9809.74,8443.76,7276.41,6272.55,5406.78,4660.85,4019.43,3464.54,2984.33,2567.97,2205.73,1889.93,1616.47,1382.32,1183.25,1014.09,869.855,746.453,640.621,549.745,471.675,404.62,347.035,297.594,255.146,218.715,187.454,160.641,137.654,117.946,101.053,86.5787,74.1756,63.5479,54.4382,324.794
1957,22954.4,19116.4,15995,13483.8,11451.6,9784.47,8393.65,7215.86,6211.4,5350.75,4610.56,3973.79,3426.65,2953.48,2544.05,2189.1,1880.28,1611.08,1377.96,1178.36,1008.66,864.454,741.505,636.311,546.095,468.628,402.077,344.916,295.828,253.682,217.498,186.443,159.794,136.938,117.343,100.543,86.1425,73.8036,63.2307,54.1711,323.275
1958,23542.7,19661.1,16373.8,13700.1,11549.1,9805.88,8369.85,7168.69,6154.03,5292.63,4557.17,3925.89,3383.32,2917.34,2514.43,2165.83,1863.63,1600.72,1371.54,1173.08,1003.15,858.683,735.921,631.253,541.699,464.897,398.949,342.293,293.631,251.842,215.963,185.159,158.721,136.034,116.577,99.8952,85.593,73.3341,62.8298,53.829,321.324
1959,23821.6,20165,16840.3,14024.6,11734.3,9889.49,8388.89,7149.78,6115.62,5245.65,4509.46,3882.02,3343.94,2881.66,2484.71,2141.52,1844.61,1587.22,1363.3,1168.11,999.087,854.363,731.32,626.766,537.623,461.352,395.942,339.775,291.522,250.078,214.487,183.93,157.695,135.178,115.857,99.2856,85.0782,72.8974,62.4568,53.5106,319.508
1960,23626.9,20403.9,17271.9,14424.2,12012.3,10048.3,8460.87,7166.8,6100.4,5213.82,4470.26,3842.12,3307.22,2848.68,2454.81,2116.63,1824.27,1571.34,1352.08,1161.33,995.052,851.069,727.786,622.971,533.908,457.971,393,337.281,289.435,248.331,213.028,182.71,156.68,134.331,115.151,98.6921,84.5758,72.4733,62.0972,53.2034,317.754
1961,22965.8,20237.1,17476.5,14793.9,12354.5,10285.8,8594.77,7224.42,6109.91,5195.63,4438.26,3804.37,3269.41,2814.09,2423.85,2088.69,1800.93,1552.16,1336.95,1150.39,988.099,846.624,724.117,619.224,530.044,454.266,389.656,334.377,286.969,246.261,211.288,181.251,155.455,133.308,114.293,97.9739,83.9703,71.9597,61.6626,52.8342,315.622
1962,22590,19670.9,17333.6,14969.1,12671.2,10579.4,8799.96,7342.47,6163.69,5208.48,4427.18,3781.04,3240.7,2784.87,2396.97,2064.54,1779.05,1533.94,1322.05,1138.75,979.845,841.609,721.108,616.763,527.42,451.462,386.918,331.887,284.804,244.424,209.751,179.963,154.379,132.408,113.544,97.3487,83.4487,71.5212,61.2912,52.5207,313.83
1963,22885.4,19349,16848.7,14846.7,12821.3,10850.3,9049.9,7515.39,6261.42,5251.29,4435.32,3769.12,3218.67,2758.54,2370.47,2040.26,1757.29,1514.28,1305.64,1125.29,969.262,834.009,716.348,613.781,524.966,448.921,384.268,329.33,282.49,242.414,208.045,178.532,153.178,131.402,112.701,96.6445,82.8595,71.0283,60.8761,52.1688,311.824
1964,23698.8,19602,16573,14431.3,12716.5,10980,9286.55,7738.4,6420.91,5346.74,4482.95,3785.88,3217.02,2747.12,2354.37,2023.14,1741.3,1499.79,1292.39,1114.32,960.393,827.23,711.797,611.377,523.84,448.039,383.137,327.958,281.071,241.095,206.891,177.558,152.37,130.732,112.146,96.1858,82.4825,70.7175,60.6201,51.9555,310.654
1965,24643.4,20298.7,16789.6,14195.2,12360.7,10889.7,9395.07,7935.82,6605.16,5476.57,4558.64,3821.46,3226.97,2741.98,2341.41,2006.64,1724.32,1484.1,1278.26,1101.49,949.726,818.533,705.04,606.657,521.069,446.463,381.859,326.544,279.515,239.554,205.482,176.331,151.331,129.864,111.421,95.5811,81.978,70.2989,60.2717,51.6657,309.048
1966,25728.2,21107.8,17386.5,14380.8,12158.5,10586.2,9323.04,8038.97,6787.04,5647.27,4681.61,3896.62,3266.39,2758.19,2343.64,2001.25,1715.11,1473.8,1268.49,1092.55,941.46,811.745,699.613,602.608,518.519,445.366,381.598,326.38,279.102,238.906,204.75,175.629,150.713,129.345,110.996,95.2333,81.6945,70.0678,60.0855,51.5151,308.307
1967,25603.7,22036.9,18079.3,14891.9,12317.1,10408,9038.08,7915.47,6777.14,5683.83,4704.74,3885.87,3226.28,2700.02,2277.46,1933.75,1650.42,1413.95,1214.71,1045.3,900.2,775.634,668.717,576.309,496.38,427.099,366.835,314.305,268.82,229.877,196.768,168.636,144.65,124.128,106.529,91.4168,78.4342,67.2835,57.7077,49.4862,296.348
1968,24073.5,21930.3,18875.1,15485.4,12754.8,10542.3,8879.58,7659.8,6653.27,5653.34,4713.54,3885.52,3200.38,2652.32,2217.01,1868.54,1585.67,1352.82,1158.67,995.209,856.288,737.345,635.262,547.661,471.959,406.487,349.743,300.387,257.368,220.12,188.229,161.118,138.081,118.441,101.637,87.2265,74.8524,64.2221,55.0918,47.2511,283.168
1969,21087.4,20619.7,18783.9,16167,13263.4,10920.9,9011.88,7565.17,6498.88,5623.32,4764.06,3963.83,3262.97,2685.15,2223.97,1858.21,1565.7,1328.42,1133.19,970.468,833.495,717.108,617.472,531.969,458.6,395.202,340.373,292.855,251.525,215.502,184.312,157.609,134.907,115.618,99.1726,85.1024,73.0359,62.6749,53.7739,46.129,276.664
1970,79004.4,18062,17661.3,16088.9,13847.3,11357.9,9343.72,7698.62,6452.5,5536.28,4786.53,4053.07,3371.21,2774.59,2282.96,1890.7,1579.67,1330.96,1129.22,963.248,824.916,708.479,609.544,524.85,452.17,389.806,335.917,289.313,248.923,213.792,183.173,156.662,133.965,114.669,98.2733,84.2949,72.3354,62.0792,53.2725,45.7068,274.368
1971,65426.3,67669.5,15470.6,15127.4,13780.5,11858.7,9719.89,7985.57,6569.6,5499.09,4713.79,4072.83,3447.3,2866.58,2358.85,1940.67,1607.09,1342.64,1131.21,959.716,818.642,701.065,602.103,518.018,446.039,384.27,331.27,285.472,245.866,211.541,181.686,155.665,133.135,113.846,97.4479,83.5147,71.6355,61.4721,52.7561,45.272,272.006
1972,9172.65,56039.5,57960.8,13251,12956.9,11800.8,10146,8302,6807.5,5591.22,4674.55,4003.78,3457.55,2925.53,2432.17,2001.09,1646.17,1363.12,1138.76,959.394,813.93,694.272,594.55,510.617,439.305,378.26,325.876,280.929,242.09,208.502,179.393,154.075,132.008,112.902,96.5445,82.6383,70.8226,60.7487,52.1299,44.7385,269.059
1973,7503.35,7856.64,47999.4,49645.1,11349.7,11095.4,10096.4,8666.87,7079.96,5797.91,4757.84,3975.58,3403.92,2938.89,2486.33,2066.84,1700.41,1398.75,1158.21,967.556,815.145,691.544,589.873,505.142,433.829,373.24,321.374,276.868,238.679,205.681,177.144,152.413,130.903,112.155,95.922,82.0245,70.2098,60.1711,51.6123,44.2897,266.603
1974,9916.01,6426.83,6729.43,41112.8,42521.8,9718.91,9491.67,8621.18,7385.55,6023.2,4926.7,4039.77,3373.89,2887.83,2492.79,2108.63,1752.71,1441.88,1186.03,982.039,820.364,691.126,586.322,500.116,428.275,367.811,316.44,272.467,234.733,202.356,174.379,150.185,129.217,110.98,95.0856,81.3235,69.541,59.5244,51.0135,43.7572,263.577
1975,19825.6,8493.35,5504.76,5763.94,35213.7,36412.4,8315.31,8108.7,7353.5,6291.83,5126.95,4191.39,3435.69,2868.78,2455.15,2119.11,1792.44,1489.82,1225.57,1008.09,834.688,697.264,587.414,498.334,425.062,364.001,312.611,268.949,231.574,199.503,171.985,148.207,127.644,109.824,94.3238,80.8145,69.1179,59.1038,50.5905,43.357,261.207
1976,6787.44,16981.2,7274.79,4714.98,4936.91,30155.1,31156.6,7105.07,6918.34,6266.81,5357.88,4363.77,3566.37,2922.79,2440.21,2088.21,1802.29,1524.4,1267,1042.26,857.289,709.821,592.95,499.531,423.776,361.466,309.54,265.838,228.708,196.926,169.653,146.252,126.032,108.546,93.3912,80.2105,68.7225,58.776,50.2603,43.0208,258.993
1977,36618.9,5813.63,14544.9,6231.06,4038.44,4227.47,25795,26601.7,6053.92,5884.93,5324.41,4548.61,3702.81,3025.22,2478.79,2069.23,1770.58,1528.05,1292.38,1074.13,883.573,726.754,601.732,502.653,423.457,359.237,306.415,262.396,225.349,193.874,166.932,143.813,123.976,106.836,92.0127,79.1665,67.9933,58.2551,49.8236,42.6049,256.013
1978,54949,31365.1,4979.54,12458.1,5336.97,3458.01,3615.93,22024.6,22676.1,5154.9,5007.91,4529.44,3868.79,3149.09,2572.69,2107.92,1759.6,1505.61,1299.37,1098.96,913.367,751.329,617.979,511.668,427.418,360.075,305.467,260.551,223.121,191.619,164.855,141.946,122.287,105.419,90.8445,78.2402,67.3169,57.8161,49.5355,42.366,253.921
1979,17843.2,47065.4,26865.1,4265.11,10670.3,4569.06,2955.8,3083.22,18737.9,19263.6,4375.48,4248.81,3841.94,3281.12,2670.53,2181.61,1787.44,1492.05,1276.66,1101.77,931.832,774.458,637.06,523.99,433.847,362.41,305.309,259.007,220.922,189.185,162.474,139.781,120.356,103.687,89.3852,77.0272,66.3399,57.078,49.0223,42.0012,251.222
1980,30617.8,15283.3,40312.5,23010.5,3652.62,9112.01,3855.42,2446.48,2508.89,15093.3,15446.1,3503.55,3402.59,3079.06,2632.08,2144.25,1753.14,1437.41,1200.58,1027.77,887.326,750.705,624.081,513.467,422.402,349.781,292.216,246.195,208.871,178.168,152.578,131.04,112.741,97.0752,83.6321,72.0972,62.13,53.5101,46.0397,39.542,236.519
1981,50747.9,26225,13090.3,34528,19701.6,3104.05,7497.42,3006.68,1817.38,1809.69,10746.4,10959.3,2488.37,2423.45,2200.24,1886.78,1541.41,1263.28,1037.83,868.242,744.249,643.228,544.652,453.09,372.983,306.965,254.276,212.486,179.06,151.939,129.622,111.017,95.3536,82.0428,70.6465,60.8658,52.4727,45.2196,38.9467,33.5099,200.936
1982,27094.9,43467,22461.6,11211.7,29556,16658.7,2487.02,5479.86,2016.68,1156.14,1125.07,6645.73,6798.49,1553.46,1523.66,1392.6,1201.24,986.242,811.609,669,561.197,482.097,417.383,353.906,294.734,242.837,199.993,165.756,138.574,116.815,99.149,84.6038,72.4726,62.2559,53.571,46.1335,39.7492,34.2697,29.534,25.4378,153.135
1983,17504.4,23207.6,37229,19238.1,9595.49,24905.6,13112,1738.61,3417.68,1170.11,649.592,627.202,3718.92,3836.07,884.754,875.48,806.403,700.168,577.972,477.732,395.193,332.459,286.251,248.277,210.823,175.775,144.956,119.467,99.0716,82.8625,69.8762,59.3254,50.6336,43.3809,37.2706,32.0747,27.6241,23.8028,20.5227,17.6874,106.951
1984,34080.8,14993,19877.5,31886.9,16472.7,8160.6,20513.5,10213.8,1286.34,2450.9,827.67,457.707,442.157,2627.15,2716.37,627.887,622.473,574.242,499.209,412.491,341.217,282.438,237.718,204.757,177.647,150.884,125.824,103.778,85.5398,70.9432,59.3405,50.0434,42.4892,36.2654,31.0717,26.6957,22.9745,19.7868,17.0499,14.7005,89.2806
1985,24945.9,29191.2,12841.6,17025.2,27305,14012.1,6707.5,15862.4,7473.28,912.085,1718.16,579.957,322.017,312.711,1867.41,1939.26,449.87,447.279,413.569,360.181,298.038,246.817,204.48,172.223,148.424,128.828,109.457,91.3018,75.3205,62.0937,51.5047,43.0856,36.3382,30.8548,26.3365,22.5657,19.3882,16.6861,14.3712,12.3836,75.5245
1986,12108.8,21366.9,25002.5,10999,14579.4,23249.3,11583.5,5261.48,11866.7,5441.49,657.48,1237.68,419.119,233.721,227.924,1366.08,1422.94,330.902,329.637,305.262,266.178,220.464,182.712,151.46,127.627,110.031,95.5313,81.185,67.7316,55.8839,46.0754,38.2214,31.9759,26.9698,22.9011,19.5482,16.7497,14.3916,12.386,10.6678,65.256
1987,30577.9,10371.6,18301,21414.9,9418.56,12411.8,19224.8,9099.55,3944.91,8658.27,3927.46,473.719,893.705,303.672,169.928,166.22,998.797,1042.52,242.836,242.224,224.545,195.955,162.406,134.663,111.675,94.1311,81.1732,70.4902,59.9137,49.9912,41.2506,34.0131,28.2169,23.6073,19.9121,16.9086,14.4334,12.3674,10.6263,9.14559,56.0617
1988,18900.7,26190.8,8883.29,15674.8,18336.9,8004.17,10147.4,14665.6,6514.91,2722.9,5895.3,2671.53,323.618,614.053,209.818,117.98,115.868,698.482,730.929,170.601,170.442,158.2,138.193,114.622,95.1002,78.9032,66.5331,57.3915,49.85,42.3782,35.3651,29.1851,24.0667,19.9669,16.706,14.0917,11.9666,10.2151,8.75307,7.52098,46.1528
1989,14154,16189,22432.7,7608.6,13422.3,15601,6594.43,7900.12,10847.9,4679.47,1934.18,4182.93,1901.3,231.289,440.679,151.12,85.2277,83.9032,506.757,531.099,124.107,124.108,115.279,100.759,83.6105,69.3954,57.5926,48.5744,41.9076,36.4059,30.9525,25.8324,21.3197,17.5817,14.5873,12.2053,10.2956,8.74312,7.46356,6.39544,39.2176
1990,22420.1,12123.3,13865.9,19213.7,6514.89,11402.3,12730.3,5008.12,5618.52,7429.81,3161.02,1305.54,2836.34,1296.99,158.692,303.874,104.636,59.207,58.4399,353.696,371.289,86.8741,86.9621,80.8395,70.7012,58.6974,48.7367,40.4599,34.1326,29.4535,25.5906,21.7599,18.1621,14.9905,12.3628,10.2577,8.58306,7.24031,6.14868,5.24891,32.0793
1991,39316.2,19203.5,10383.7,11876.2,16450.5,5533.46,9326.26,9745.75,3604.03,3892.48,5060.75,2142.51,885.325,1928.16,884.249,108.482,208.207,71.8292,40.7056,40.2269,243.699,256.015,59.9381,60.0271,55.8216,48.8352,40.5532,33.6777,27.9623,23.5921,20.3598,17.6908,15.0435,12.5567,10.3643,8.54784,7.09249,5.93467,5.00631,4.25155,25.8113
1992,14941.4,33675.4,16448,8893.73,10169.4,14009.1,4596.06,7419.6,7446.77,2684.17,2862.67,3703.42,1565.87,647.218,1410.73,647.556,79.5123,152.719,52.7187,29.8905,29.5508,179.079,188.177,44.0648,44.1372,41.0501,35.916,29.8274,24.7719,20.5689,17.3549,14.9776,13.0145,11.0671,9.23782,7.62498,6.28866,5.218,4.36621,3.68322,22.1178
1993,19261.8,12797.7,28843.4,14087.9,7615.23,8658.1,11635.4,3660.08,5681.73,5562.49,1980.38,2101.39,2714.28,1147.54,474.533,1034.97,475.357,58.399,112.216,38.7511,21.9775,21.7328,131.726,138.438,32.4214,32.4777,30.2083,26.4317,21.9519,18.2319,15.1389,12.7737,11.0241,9.57931,8.14606,6.79965,5.61253,4.62893,3.84085,3.21388,18.9918
1994,17674.2,16498.3,10961.3,24704.5,12061.8,6470.7,7110.37,9010,2682.3,4022.04,3872.9,1370.38,1452.24,1876.99,794.549,328.999,718.414,330.297,40.6115,78.0886,26.9803,15.3082,15.1428,91.8073,96.5058,22.6048,22.647,21.0667,18.4345,15.311,12.717,10.5601,8.91048,7.69024,6.6825,5.68276,4.74355,3.91543,3.22927,2.67951,15.4915
1995,11019.6,15138.5,14130.9,9388.47,21153.5,10265.1,5354.85,5605.91,6789.13,1964.36,2905.41,2783.47,983.904,1043.35,1350.1,572.221,237.205,518.461,238.553,29.3496,56.4623,19.516,11.0766,10.9597,66.459,69.8712,16.3681,16.4003,15.257,13.3515,11.0899,9.21136,7.64924,6.4545,5.57069,4.84078,4.11661,3.43628,2.8364,2.33935,13.1636
1996,8101.88,9438.61,12966.3,12103.3,8038.91,17993.8,8469.6,4190.22,4174.75,4901.71,1397.65,2056.49,1968.61,696.523,739.685,958.579,406.814,168.825,369.334,170.06,20.9348,40.2925,13.9321,7.90961,7.82787,47.4764,49.9209,11.6959,11.7199,10.9036,9.54236,7.92628,6.58388,5.46749,4.61362,3.98195,3.46025,2.94264,2.45634,2.02755,11.0821
1997,12371.9,6939.5,8084.27,11105.7,10363.8,6843.43,14911.6,6698.02,3170.38,3070.02,3553.5,1007.33,1479.65,1416.53,501.56,533.121,691.482,293.681,121.952,266.928,122.958,15.1415,29.1499,10.0814,5.72441,5.666,34.3681,36.1407,8.46785,8.48567,7.89501,6.90957,5.73952,4.76757,3.95922,3.34094,2.88355,2.50577,2.13095,1.7788,9.49365
1998,21135.5,10596.9,5943.75,6924.24,9509.45,8818.49,5655.43,11715,5021.14,2309,2206.45,2542.82,720.621,1059.85,1016.34,360.448,383.672,498.225,211.804,88.0192,192.773,88.8418,10.9444,21.0762,7.29082,4.14065,4.09901,24.8661,26.151,6.12769,6.14093,5.71374,5.00074,4.15404,3.45066,2.86565,2.41818,2.08714,1.81372,1.54243,8.15931
1999,27610.1,18103.2,9076.38,5090.9,5929.3,8106.32,7370.68,4570.86,9172.94,3850.76,1751.46,1665.18,1915,542.31,797.508,764.863,271.316,288.859,375.178,159.522,66.3018,145.226,66.9354,8.2464,15.8814,5.49408,3.12035,3.08906,18.7398,19.7086,4.61817,4.6282,4.30629,3.76894,3.13083,2.60071,2.1598,1.82255,1.57306,1.36699,7.31215
2000,23021.7,23648.9,15505.7,7774.06,4359.66,5057.16,6783.08,5968.01,3592.35,7081.62,2949.6,1338.59,1273.04,1465.81,415.69,612.11,587.716,208.671,222.33,288.941,122.913,51.1053,111.973,51.621,6.36085,12.2519,4.23895,2.40772,2.38375,14.4619,15.2101,3.56421,3.57205,3.32366,2.90899,2.4165,2.00736,1.66706,1.40676,1.21419,6.69917
2001,12910.1,19718.7,20255.7,13280.9,6658.01,3721.73,4241.23,5513.84,4722.73,2803.22,5504.22,2295.51,1045.17,997.612,1152.53,327.776,483.774,465.355,165.469,176.503,229.593,97.7366,40.6601,89.1268,41.1029,5.06617,9.76026,3.37746,1.91865,1.89975,11.5265,12.1236,2.84109,2.84746,2.64955,2.31903,1.92646,1.60032,1.32904,1.12153,6.30897
2002,11520,11057.9,16889.6,17349.5,11374.8,5693.39,3155.01,3541.39,4544.71,3866.03,2289.87,4497.92,1878.4,856.615,818.857,947.224,269.669,398.345,383.435,136.412,145.569,189.416,80.6543,33.5604,73.576,33.9355,4.18316,8.05973,2.78917,1.58454,1.56899,9.5199,10.0133,2.34661,2.3519,2.18846,1.91548,1.59124,1.32185,1.09778,6.13761
2003,12643,9867.2,9471.39,14466.4,14860.1,9740.64,4869.21,2691.86,3015.03,3864.13,3284.74,1944.8,3819.19,1594.71,727.166,695.065,803.986,228.882,338.087,325.426,115.773,123.543,160.755,68.4497,28.4819,62.4419,28.8,3.55011,6.84002,2.36707,1.34474,1.33154,8.07918,8.49795,1.99148,1.99597,1.85726,1.62559,1.35042,1.1218,6.14039
2004,36976.2,10829.1,8451.54,8112.44,12390.7,12727.7,8342.2,4169.49,2304.63,2580.95,3307.48,2811.36,1664.45,3268.54,1364.76,622.302,594.824,688.032,195.87,289.324,278.489,99.0742,105.724,137.568,58.5766,24.3737,53.4353,24.6459,3.03804,5.85341,2.02564,1.15077,1.13948,6.91383,7.2722,1.70422,1.70807,1.58937,1.39112,1.15563,6.21468
2005,7581.37,31671.2,9275.46,7238.96,6948.48,10612.5,10899.1,7141.17,3567.93,1971.59,2207.58,2828.66,2404.18,1423.3,2794.89,1166.96,532.099,508.598,588.289,167.474,247.379,238.113,84.7101,90.3956,117.622,50.0837,20.8398,45.6877,21.0725,2.59756,5.00472,1.73194,0.983923,0.974264,5.91139,6.21779,1.45713,1.46041,1.35892,1.18942,6.30168
2006,29264.6,6493.66,27127.3,7944.6,6200.27,5951.19,9086.84,9326.94,6106.99,3049.47,1684.37,1885.42,2415.37,2052.63,1215.07,2385.86,996.132,454.195,434.125,502.14,142.948,211.148,203.238,72.3029,77.1554,100.394,42.7477,17.7873,38.9956,17.9859,2.21707,4.27164,1.47825,0.839798,0.831554,5.04549,5.30701,1.24369,1.24649,1.15987,6.3938
2007,7276.95,25066,5562,23235.1,6804.69,5310.39,5095.87,7776.93,7977.26,5220.08,2605.34,1438.56,1609.89,2062.07,1752.21,1037.16,2036.42,850.207,387.65,370.514,428.557,121.999,180.204,173.452,61.7061,65.8471,85.6795,36.4823,15.1802,33.2799,15.3496,1.89211,3.64553,1.26158,0.716706,0.70967,4.30595,4.52914,1.06139,1.06379,6.44649
2008,76836.9,6232.91,21469.7,4763.93,19901,5828.02,4547.22,4361.42,6651.68,6818.6,4459.54,2224.91,1228.18,1374.22,1760,1495.41,885.112,1737.81,725.519,330.792,316.165,365.69,104.102,153.767,148.005,52.653,56.1863,73.1088,31.1296,12.9529,28.3971,13.0975,1.6145,3.11065,1.07648,0.611548,0.605544,3.67416,3.8646,0.905661,6.40834
2009,10646.2,65813,5338.67,18389.2,4080.38,17044.7,4990.03,3890.93,3729.16,5683.76,5823.59,3807.51,1899.18,1048.22,1172.74,1501.86,1276.02,755.233,1482.78,619.033,282.238,269.755,312.008,88.8196,131.193,126.277,44.9231,47.9376,62.3756,26.5594,11.0513,24.228,11.1746,1.37746,2.65396,0.918433,0.521764,0.516641,3.13474,3.29722,6.24019
2010,50503.3,9118.8,56370.7,4572.71,15750.8,3494.8,14595.4,4271.09,3328.69,3188.98,4858.99,4977.5,3253.88,1622.88,895.667,1002.02,1283.2,1090.22,645.254,1266.84,528.879,241.132,230.466,266.565,75.8829,112.085,107.884,38.3798,40.9552,53.2902,22.6908,9.44157,20.699,9.54693,1.17682,2.26739,0.784655,0.445764,0.441388,2.67814,8.1482
2011,3369.83,43257.5,7810.51,48283.1,3916.64,13490.4,2992.56,12492.1,3653.86,2846.63,2726.5,4153.66,4254.53,2781.07,1387,765.461,856.338,1096.62,931.687,551.421,1082.61,451.965,206.064,196.949,227.797,64.8467,95.7833,92.1936,32.7978,34.9987,45.5396,19.3907,8.06839,17.6885,8.15842,1.00567,1.93762,0.670534,0.380932,0.377192,9.25174
2012,3036.81,2886.36,37051.3,6689.92,41355.6,3354.52,11551.4,2561.23,10686,3124.19,2433.18,2329.99,3549.09,3634.94,2375.93,1184.9,653.91,731.531,936.781,795.884,471.043,924.797,386.082,176.025,168.239,194.59,55.3937,81.8204,78.754,28.0167,29.8967,38.901,16.564,6.8922,15.1099,6.96911,0.859063,1.65515,0.572786,0.325401,8.22525
2013,120412,2601.11,2472.25,31735.4,5730.04,35419.5,2872.17,9884.9,2190.34,9133.61,2669.26,2078.3,1989.8,3030.55,3103.62,2028.54,1011.62,558.269,624.528,799.747,679.455,402.133,789.502,329.598,150.272,143.625,166.12,47.2893,69.8496,67.2318,23.9177,25.5226,33.2095,14.1405,5.88382,12.8992,5.94947,0.733375,1.41299,0.488982,7.29962
2014,50845.9,103137,2227.93,2117.54,27181.8,4907.15,30310.6,2454.74,8438.36,1868.35,7787.31,2275.22,1771.26,1695.71,2582.55,2644.8,1728.65,862.069,475.742,532.209,681.531,579.023,342.694,672.809,280.882,128.062,122.397,141.568,40.3001,59.5261,57.2952,20.3828,21.7505,28.3013,12.0506,5.01423,10.9928,5.07018,0.624987,1.20416,6.6375
2015,17099.8,43551,88339.5,1908.26,1813.68,23277.1,4198.34,25889.3,2093.31,7187.59,1590.23,6625.11,1935.15,1506.28,1441.91,2195.93,2248.8,1469.8,732.982,404.503,452.515,579.479,492.321,291.38,572.066,238.825,108.887,104.071,120.371,34.2659,50.6132,48.7164,17.3309,18.4938,24.0638,10.2463,4.26345,9.34687,4.31103,0.531409,6.66754
2016,31588.3,14646.5,37302.7,75664.3,1634.44,1553.13,19910.4,3583.76,22057.9,1781.26,6111.57,1351.6,5629.75,1644.24,1279.79,1225.08,1865.72,1910.66,1248.82,622.785,343.694,384.492,492.374,418.321,247.585,486.085,202.93,92.5219,88.4296,102.28,29.1161,43.0067,41.395,14.7263,15.7145,20.4474,8.70645,3.62272,7.94218,3.66315,6.11706
2017,20375,27056.3,12545.1,31950.6,64807.8,1399.61,1328.25,16988,3051.27,18754.2,1513.26,5189.81,1147.5,4779.13,1395.75,1086.38,1039.95,1583.81,1621.99,1060.16,528.709,291.781,326.42,418.012,355.145,210.195,412.68,172.286,78.5505,75.0763,86.8358,24.7196,36.5127,35.1444,12.5026,13.3416,17.3599,7.39179,3.0757,6.74293,8.30343
2018,18760.6,17451.8,23174.3,10745,27364.9,55416.8,1185.47,1106.58,13957.4,2487.3,15232.9,1227.49,4208.66,930.779,3878.16,1133.15,882.367,844.989,1287.31,1318.7,862.119,430.024,237.354,265.563,340.111,288.982,171.046,335.833,140.209,63.9276,61.1016,70.6735,20.1189,29.7175,28.6041,10.176,10.8589,14.1295,6.01633,2.50338,12.2466
